airport_terminal,apartment_building_outdoor,arch,auditorium,barn,beach,bedroom,castle,classroom,conference_room,dam,desert,football_stadium,great_pyramid,hotel_room,kitchen,library,mountain,office,phone_booth,reception,restaurant,river,school_house,shower,skyscraper,supermarket,waiting_room,water_tower,windmill
0,0,0,0,0,0,0,0,0,0,0,0,0,0,0,0,0,0,0,0,0,0,0,0,0,0,0,0,0,0
0.115104694,0.199257089,0.125354618,0.211858231,0.200297628,0.334474188,0.2483603,0.266937523,0.16981066,0.1437621,0.149096224,0.097401191,0.119777692,0.107833327,0.200622321,0.192338932,0.166851778,0.222102667,0.122075914,0.126459411,0.045574216,0.263659214,0.269418539,0.100731622,0.294696997,0.111962487,0.167494714,0.128245916,0.171398596,0.097549864
0.078093839,0.168118012,0.059190948,0.088895942,0.153954009,0.116550163,0.183180284,0.164537037,0.112446013,0.101321171,0.082386983,0.063114808,0.07654533,0.074018526,0.152486029,0.13924883,0.104825499,0.120235977,0.066550347,0.070135328,0.038601445,0.158978164,0.124292757,0.041546193,0.195347689,0.104564144,0.098379256,0.085147792,0.093459758,0.108733974
0.071192435,0.139294382,0.067510427,0.075391312,0.101748019,0.115788477,0.144142993,0.120666936,0.102223221,0.096611472,0.083803223,0.048661739,0.074783651,0.067140374,0.12890397,0.121632463,0.109254931,0.093151607,0.069169102,0.07329405,0.027411687,0.137464102,0.095243214,0.061005556,0.180473229,0.082811179,0.092980981,0.075097494,0.081889355,0.092035797
0.087607695,0.150574379,0.070644142,0.105709743,0.191205543,0.141629743,0.172865949,0.186771072,0.133092378,0.121464309,0.086197245,0.085381949,0.083424847,0.092390093,0.177035856,0.133061179,0.113914884,0.147781313,0.059556703,0.063098633,0.020946333,0.150022977,0.152069854,0.054672255,0.220236769,0.105263607,0.120684374,0.108768462,0.09774287,0.074398396
0.092063499,0.169798744,0.090879005,0.10232547,0.137761409,0.154829685,0.175394783,0.1509467,0.098551032,0.099553162,0.11242909,0.077665787,0.056402654,0.078319987,0.124540745,0.120677654,0.115537573,0.119806481,0.094060188,0.040244032,0.059775145,0.172755613,0.160436494,0.124188447,0.164393298,0.109203181,0.077751049,0.090851723,0.06458597,0.176732545
0.283878004,0.121669585,0.110089286,0.17146615,0.15888259,0.286769652,0.203551902,0.209755291,0.116241111,0.081611251,0.143710658,0.096965618,0.100219671,0.088377221,0.19658851,0.140615552,0.128811177,0.168940931,0.132393373,0.114151235,0.097441893,0.167882163,0.221341515,0.089617599,0.246010291,0.084029096,0.101004435,0.106966648,0.169406415,0.102728175
0.207782646,0.101505139,0.058008658,0.110848422,0.133525972,0.194795603,0.151829544,0.144727891,0.090536794,0.0674361,0.090181327,0.070602021,0.06377551,0.066550327,0.132823311,0.096100246,0.079750882,0.134911408,0.077509277,0.074470899,0.035694602,0.120356145,0.133030181,0.046507327,0.154072972,0.057024019,0.077160879,0.091185595,0.096020723,0.081638558
0.075045788,0.113407084,0.062596927,0.060413339,0.116445641,0.120368045,0.143059314,0.107765069,0.078321255,0.078206714,0.057462985,0.039893346,0.061733759,0.038933918,0.120468442,0.132381451,0.086503576,0.078489976,0.060236099,0.083947904,0.031195335,0.08510513,0.105875101,0.115639408,0.142399267,0.044028955,0.067047909,0.057880442,0.096893424,0.048148875
0.093061079,0.229405737,0.087549765,0.139257756,0.315646338,0.242157695,0.26810052,0.215793435,0.169593143,0.146373251,0.135270306,0.089262287,0.158138097,0.086742862,0.267138127,0.249003442,0.179959898,0.168414273,0.091779931,0.194692216,0.035829342,0.211427151,0.272417176,0.040725757,0.456284088,0.108074581,0.166848362,0.113307374,0.36769103,0.111025118
0.054411301,0.149446938,0.115392562,0.161753493,0.156439394,0.329464286,0.177890512,0.242316017,0.151786194,0.129060491,0.170468471,0.091538001,0.105620942,0.107851614,0.172035256,0.130343615,0.149621212,0.169276189,0.092884607,0.080681818,0.0370671,0.231067995,0.206045761,0.091250498,0.225626804,0.099269326,0.157150615,0.09985119,0.114299242,0.069602273
0.045991715,0.075796108,0.056419458,0.061455723,0.107964355,0.150668338,0.11502367,0.117669173,0.085456697,0.081716286,0.057694788,0.061936383,0.052005013,0.064105009,0.110610661,0.090016708,0.07748538,0.073317721,0.057218787,0.062378168,0.038272765,0.101985092,0.128543215,0.102700831,0.192730089,0.051764254,0.063882755,0.061925647,0.10504386,0.023574561
0.062768031,0.188516635,0.186124402,0.284404192,0.22812587,0.44962406,0.223294347,0.274937343,0.200807871,0.170520999,0.130976952,0.118133225,0.142700501,0.108377829,0.199938147,0.147243108,0.165204678,0.270686142,0.1479083,0.083040936,0.104323308,0.254932675,0.314278424,0.091778239,0.309314954,0.108393612,0.228785834,0.171512114,0.11374269,0.101973684
0.08686756,0.18057473,0.108062771,0.156997269,0.148511905,0.250467687,0.222144274,0.180952381,0.130722457,0.136927309,0.13275852,0.056282033,0.075255102,0.1014978,0.149519231,0.132546769,0.170634921,0.157273486,0.111948688,0.066071429,0.066468254,0.242127208,0.210990826,0.076059942,0.255828373,0.094699977,0.133231352,0.10767432,0.10922619,0.103050595
0.032561189,0.085489021,0.036808646,0.059485969,0.106249306,0.075357975,0.112740038,0.104795205,0.075481552,0.067131101,0.052953174,0.033630923,0.03971029,0.043756968,0.096185225,0.069472194,0.061480186,0.088596547,0.030564566,0.037839938,0.003205128,0.095892903,0.111679096,0.032478377,0.133214008,0.049810721,0.065524802,0.056651682,0.055128205,0.038898601
0.056369499,0.186880661,0.045469303,0.051626539,0.146410534,0.081168831,0.233445424,0.093877551,0.06861809,0.064004493,0.064467946,0.034508273,0.09809833,0.045033997,0.147139319,0.164792053,0.108630952,0.082336781,0.058015993,0.116414141,0.042207792,0.100360761,0.106402262,0.026521204,0.201546717,0.061291159,0.067211198,0.041098485,0.120833333,0.116274351
0.073582866,0.099913226,0.081571233,0.105475374,0.124380182,0.221299346,0.134324686,0.245310787,0.123713886,0.102775234,0.073591813,0.103213775,0.068716901,0.080942727,0.126298912,0.092580584,0.092912071,0.123423411,0.062337833,0.046202594,0.040669626,0.127954393,0.169877305,0.053573295,0.148289766,0.066513248,0.101572843,0.100610318,0.100560824,0.070201533
0.029861111,0.028862151,0.034710744,0.058303817,0.028763829,0.114935065,0.069665705,0.099393939,0.022582205,0.018526171,0.035972965,0.056518333,0.008928571,0.047546113,0.040771173,0.046139971,0.016919192,0.039873852,0.026232202,0.005050505,0.033694084,0.058629209,0.080870542,0.036190191,0.04229798,0.039725392,0.03121424,0.031421356,0.013131313,0.011363636
0.111687043,0.174707542,0.131788006,0.185672186,0.160171035,0.349637922,0.196162637,0.279300454,0.146614716,0.126177196,0.151276133,0.110201705,0.095160314,0.106231009,0.16510018,0.143027294,0.189026027,0.199140404,0.136853866,0.07849253,0.099638189,0.212747467,0.244330281,0.093474173,0.246686119,0.11288268,0.135967309,0.111007853,0.122742063,0.129360994
0.021055973,0.05792421,0.072488172,0.099659541,0.060485104,0.30324669,0.075504932,0.18341478,0.060874531,0.051432888,0.06068645,0.083152763,0.041330071,0.045157996,0.062060294,0.04493047,0.03279939,0.095207533,0.040017289,0.016992314,0.03902227,0.084718765,0.141822194,0.045110877,0.078989745,0.034798988,0.067471186,0.050409748,0.029108725,0.030124171
0.058751742,0.083177286,0.079285646,0.103531018,0.077458604,0.273182896,0.10159612,0.136536133,0.061032353,0.060501831,0.084415487,0.074527553,0.062118102,0.074161278,0.086269392,0.056011262,0.0815018,0.12208471,0.07533634,0.032882852,0.065735765,0.105612855,0.151367205,0.071772588,0.123509728,0.044447877,0.085805121,0.056086232,0.050118426,0.06413706
0.091638608,0.177741349,0.112557392,0.190059141,0.10337502,0.361724387,0.18117284,0.254646465,0.133710288,0.102443628,0.126581006,0.078722613,0.085299423,0.078981847,0.116595442,0.108008658,0.125084175,0.157480537,0.09650217,0.08040404,0.077122415,0.2504377,0.263276867,0.067136829,0.185656165,0.086249045,0.132599892,0.107696008,0.117020202,0.093560606
0.057991371,0.072157218,0.044733783,0.065424665,0.076715179,0.112657973,0.085112373,0.10868441,0.063159954,0.053097372,0.042547366,0.042398181,0.031840203,0.042976802,0.075046693,0.06030372,0.052335399,0.069610232,0.044794588,0.031294948,0.028590868,0.085478801,0.09330996,0.053204039,0.083649611,0.043254688,0.052685388,0.054001902,0.052480491,0.018726638
0.118798774,0.101006701,0.044202899,0.106147476,0.132009697,0.142586399,0.11938251,0.233219727,0.110209865,0.081724998,0.094718233,0.101609823,0.061136327,0.097740455,0.131549824,0.093556564,0.10859346,0.147546119,0.072986092,0.040740741,0.025647662,0.128781825,0.147548688,0.035513847,0.116072092,0.088801185,0.089196441,0.093537984,0.104124861,0.05490524
0.018108719,0.066316331,0.088203204,0.106098796,0.048127895,0.372857333,0.085417141,0.216839447,0.049220812,0.045533082,0.06840053,0.093036914,0.037715026,0.047553625,0.055832106,0.038951546,0.025717703,0.09785113,0.051040286,0.010526316,0.05145202,0.11555984,0.18821213,0.047872466,0.082452818,0.037864413,0.07428397,0.054530265,0.023086124,0.02925638
0.026984127,0.12352541,0.108917749,0.129169243,0.073454271,0.409070295,0.119780801,0.266485261,0.070277898,0.07034632,0.090532213,0.09101985,0.066156463,0.066131815,0.072753358,0.07675737,0.055555556,0.106636501,0.060654045,0.028148148,0.06984127,0.155394539,0.220577917,0.064555138,0.122940287,0.052893415,0.121678322,0.064512472,0.041904762,0.047619048
0.043530831,0.075467772,0.103768536,0.089923552,0.087246144,0.251923337,0.149887566,0.178265789,0.064833423,0.079488592,0.073100577,0.071502491,0.085096884,0.06052684,0.129915666,0.124465974,0.078649527,0.104712755,0.040954332,0.098317573,0.070261314,0.074721342,0.124345603,0.050711358,0.23079161,0.039487652,0.086582065,0.037463273,0.104961584,0.082402482
0.090605459,0.191191628,0.089433294,0.179220311,0.317243867,0.191012162,0.243996083,0.204040404,0.209654988,0.166333246,0.115978058,0.120210165,0.144171305,0.130728873,0.31748668,0.166795506,0.162518038,0.240995932,0.091561267,0.142039442,0.029040404,0.219694588,0.207347704,0.047676008,0.334475709,0.148852503,0.193763307,0.168238508,0.168253968,0.084145022
0.132521786,0.202012413,0.114390969,0.125968367,0.181906837,0.249386866,0.256733064,0.183629007,0.158755212,0.157288572,0.109238114,0.080699831,0.096381886,0.08266553,0.198376068,0.20664488,0.196296296,0.14861641,0.091149959,0.127436456,0.054855275,0.188950744,0.148648358,0.198818656,0.253063077,0.085409901,0.119440255,0.121260504,0.144901961,0.076633987
0.068250488,0.114341113,0.07252367,0.113967955,0.149486518,0.199656444,0.175984645,0.178608267,0.117777661,0.092594867,0.089192231,0.072003129,0.084058711,0.075996913,0.178580399,0.136973123,0.121431793,0.131219333,0.067797591,0.115420697,0.021890121,0.151628179,0.14250771,0.057587803,0.191421992,0.081487698,0.107403796,0.083115195,0.138360798,0.048741155
0.062964095,0.174043232,0.060229109,0.07869659,0.106336597,0.138112829,0.180926756,0.160130901,0.101190914,0.090612711,0.075623037,0.058080836,0.070122655,0.080091965,0.153157315,0.139469268,0.107145262,0.08822994,0.066246592,0.051787879,0.027326324,0.122848206,0.111590199,0.056173393,0.150699455,0.082140617,0.077022094,0.076658816,0.085619649,0.09789412
0.122322193,0.189526205,0.07256032,0.120769157,0.169202577,0.164804023,0.23511638,0.301123078,0.116234693,0.140570652,0.128707396,0.07314267,0.101736894,0.104402248,0.187847712,0.147401656,0.131805096,0.15478219,0.08399181,0.103770375,0.061957332,0.164687367,0.163851313,0.049690957,0.20340135,0.092883264,0.112557395,0.1027807,0.180677966,0.139673031
0.028024906,0.07362084,0.106325107,0.106291212,0.06689122,0.281717731,0.110970736,0.156164727,0.081203413,0.074153205,0.06371392,0.065570092,0.051770708,0.052605797,0.075586994,0.061926075,0.076357934,0.090695877,0.082019353,0.028148419,0.083384223,0.101695585,0.168086417,0.084873044,0.149497118,0.044739186,0.083746816,0.066177688,0.034135306,0.066802156
0.033302545,0.066711167,0.055329154,0.063672083,0.098354054,0.100539526,0.148391196,0.128407225,0.07082071,0.055872767,0.06309234,0.040796029,0.05190007,0.056455701,0.152939876,0.092217922,0.087684729,0.064175007,0.057959671,0.083743842,0.026518883,0.109089941,0.109602675,0.064023745,0.153091524,0.057644215,0.063318865,0.050228712,0.115845649,0.03682266
0.057314815,0.072380952,0.052121212,0.068416306,0.093280423,0.137936508,0.099193122,0.10968254,0.072248959,0.069907407,0.056429739,0.064145592,0.055952381,0.073067633,0.103824786,0.07202381,0.076388889,0.082554047,0.053678046,0.042222222,0.033730159,0.098441043,0.097795471,0.097350146,0.11957672,0.059869432,0.058236208,0.063373016,0.056111111,0.029166667
0.063528139,0.058722944,0.052030697,0.080558835,0.093623995,0.216920223,0.118740466,0.141212121,0.064617298,0.073271678,0.065892539,0.057845472,0.095593692,0.046757952,0.11977689,0.095392703,0.073809524,0.076194394,0.057305064,0.084444444,0.096243043,0.081590688,0.127074227,0.034640579,0.183869305,0.037641391,0.058243272,0.059294991,0.117142857,0.057792208
0.04593254,0.084137655,0.046839827,0.08595135,0.137316704,0.13106576,0.172755102,0.105714286,0.098683279,0.068145743,0.066939776,0.05375052,0.052721088,0.053200483,0.137619048,0.083503401,0.073412698,0.107405013,0.053305125,0.077037037,0.019104308,0.123761886,0.112612162,0.052313074,0.178089569,0.053924796,0.071889222,0.073344671,0.078095238,0.036309524
0.117944462,0.138559334,0.060876554,0.088695859,0.114632761,0.104443157,0.16238282,0.111510104,0.081994301,0.071662355,0.137146039,0.069130015,0.089439878,0.087017626,0.109885396,0.108832679,0.091980985,0.121194467,0.097319667,0.027198665,0.074445235,0.097290631,0.077473057,0.047361021,0.147566098,0.064454924,0.046008982,0.061845965,0.068831647,0.108615417
0.029439696,0.101752496,0.042890443,0.06972657,0.113960114,0.095807896,0.122208656,0.087749288,0.082134703,0.072994906,0.066486509,0.033300103,0.048229548,0.066425121,0.104278983,0.068783069,0.069088319,0.097994096,0.034303024,0.037606838,0,0.139743077,0.09148544,0.055206928,0.134327093,0.07041609,0.072998227,0.056980057,0.053276353,0.042735043
0.079967207,0.105319211,0.089962121,0.050226972,0.120403439,0.140608466,0.187329145,0.115608466,0.096009114,0.123404181,0.083023557,0.089815736,0.080481151,0.083069143,0.125761218,0.133680556,0.102430556,0.088099129,0.096563337,0.052006173,0.098544974,0.067998727,0.075646216,0.182494213,0.172095459,0.046971477,0.043002137,0.069262566,0.066087963,0.134548611
0.027083333,0.019117647,0.053409091,0.010416667,0.054166667,0.060119048,0.127876984,0.06952381,0.056102246,0.057891414,0.01495098,0.047201847,0.05625,0.057065217,0.098958333,0.070535714,0.052083333,0.026527149,0.045105422,0.013888889,0.074702381,0.022178872,0.03172305,0.067242325,0.113839286,0.026375712,0.011363636,0.033630952,0.027083333,0.046875
0.066412491,0.114427601,0.036066548,0.067559347,0.125514403,0.077476917,0.140445067,0.108994709,0.095839413,0.066146212,0.060105088,0.065676633,0.051509493,0.06193363,0.118885816,0.088468721,0.073710966,0.094873109,0.057569275,0.041345921,0.034054362,0.097173292,0.090001122,0.042204162,0.16498513,0.06647272,0.058254745,0.076123042,0.053631082,0.084694989
0.042162698,0.09962385,0.056363636,0.103525046,0.150997732,0.157823129,0.189535147,0.143809524,0.107616877,0.080411255,0.066239496,0.043821396,0.076530612,0.045263975,0.172600733,0.124319728,0.101190476,0.113940961,0.053788009,0.135238095,0.008333333,0.144560681,0.154089562,0.027020677,0.206717687,0.060391899,0.099417249,0.074251701,0.137619048,0.030357143
0.044715837,0.092647059,0.05846395,0.09095263,0.110709725,0.156677614,0.150551907,0.130596606,0.092874514,0.070808661,0.069830403,0.047885866,0.055418719,0.078085957,0.141161951,0.073002189,0.075670498,0.099772889,0.05046104,0.040229885,0.016420361,0.139804772,0.100859867,0.080852995,0.137155629,0.061764862,0.085610749,0.069334975,0.079501916,0.029454023
0.127019538,0.149081781,0.109461881,0.154916333,0.171134522,0.228036502,0.213451279,0.205234001,0.129050317,0.137546096,0.118276808,0.08597523,0.088084609,0.09043749,0.203462408,0.145289273,0.130428792,0.172242747,0.085413117,0.095283657,0.048475687,0.158070708,0.162895747,0.098098545,0.211495536,0.084508068,0.119554481,0.120966396,0.158844797,0.083300265
0.078888697,0.091644422,0.052665032,0.099546671,0.102148515,0.140938945,0.202017772,0.176526898,0.085005281,0.101397935,0.088721184,0.04689504,0.064030403,0.057770221,0.131298,0.099852171,0.081280144,0.107310269,0.059249512,0.084032734,0.026508652,0.118831303,0.163031566,0.035367699,0.138445824,0.056801284,0.073424198,0.078897822,0.135275048,0.048646455
0.067355467,0.142677433,0.073017241,0.123961865,0.151932325,0.173471734,0.178498612,0.237052545,0.120422065,0.118579577,0.115843958,0.06772626,0.099683322,0.097781466,0.199272925,0.136440007,0.124178982,0.123261188,0.061745789,0.109203612,0.013957307,0.180623296,0.164027971,0.03200504,0.210692783,0.105311908,0.119691946,0.088995133,0.163150657,0.051585591
0.032966821,0.093293359,0.059974747,0.075043591,0.100870811,0.102347884,0.124357914,0.159093915,0.074125378,0.078852764,0.07103588,0.034652027,0.050037202,0.043566324,0.140471421,0.074363426,0.098668981,0.072180849,0.078749721,0.062731481,0.044064153,0.103803327,0.123889494,0.065300621,0.168809248,0.056770222,0.071463837,0.056241733,0.104861111,0.032552083
0.097774471,0.079815593,0.025227273,0.063077201,0.212853364,0.08031746,0.171439909,0.263571429,0.0989812,0.073893699,0.05430789,0.058197215,0.078443878,0.052096273,0.20148428,0.156774376,0.096924603,0.097210551,0.048464214,0.118333333,0.023710317,0.092369448,0.145708336,0.050151942,0.193865741,0.05851631,0.081408869,0.074365079,0.204365079,0.027083333
0.088073022,0.106227894,0.061673506,0.117476108,0.120708892,0.163341113,0.116446778,0.137998209,0.094796286,0.085221001,0.072775646,0.08060628,0.058358178,0.085769309,0.135492712,0.062901498,0.078526908,0.135844344,0.063558124,0.032318883,0.022897574,0.122192942,0.128216485,0.03585895,0.132691137,0.092689687,0.086516795,0.09115656,0.075940995,0.046619309
0.052323311,0.064549237,0.040350863,0.067144155,0.08091162,0.11056437,0.135352772,0.154378869,0.06323311,0.058739832,0.064635617,0.046684544,0.037873257,0.057542151,0.096714128,0.053911835,0.050651071,0.078845951,0.040606291,0.031965074,0.017763141,0.094704352,0.110935697,0.039336467,0.089050515,0.047436625,0.058250899,0.055901099,0.073001489,0.029392838
0.10200135,0.144362745,0.087847222,0.107304443,0.13143739,0.19292328,0.203618276,0.194940476,0.105324367,0.126113566,0.100646786,0.066392677,0.097594246,0.072067482,0.180764779,0.152901786,0.145543981,0.123054403,0.084240783,0.09845679,0.071717923,0.122187764,0.141837285,0.098664413,0.200197035,0.063464768,0.100832038,0.086367394,0.163773148,0.092013889
0.050816545,0.074175824,0.09047619,0.119585771,0.068101343,0.313941218,0.099122769,0.219675563,0.066061254,0.065561753,0.074416882,0.07108073,0.066408294,0.050212016,0.069054663,0.054585296,0.061202686,0.105720888,0.070117098,0.023219373,0.061497035,0.115733473,0.178612419,0.044742264,0.11743597,0.042709019,0.0981828,0.057306384,0.05030525,0.048076923
0.081491402,0.056486928,0.032380952,0.064713461,0.087067271,0.070011338,0.133597884,0.104603175,0.057035911,0.042183742,0.040835668,0.053575003,0.026870748,0.055840235,0.133606532,0.074489796,0.048214286,0.067433384,0.040107573,0.043968254,0.03494898,0.061926675,0.080498604,0.07628655,0.080026455,0.054418864,0.033710734,0.055272109,0.062420635,0.016666667
0.123167743,0.107482562,0.060489587,0.114224911,0.098190104,0.238064898,0.11026576,0.203955338,0.079382649,0.0625618,0.100850024,0.106072497,0.074998852,0.095286447,0.134526325,0.119943505,0.116942338,0.146514221,0.081407542,0.053770128,0.0610745,0.138682675,0.157751705,0.043536279,0.131566176,0.085448409,0.085085056,0.082492942,0.098619813,0.062008884
0.046445106,0.131910107,0.131378066,0.098040626,0.054697771,0.358498591,0.116934481,0.180553151,0.063292908,0.064860911,0.067257272,0.085412151,0.042148526,0.057195532,0.051352768,0.06883031,0.033201058,0.097980288,0.065844265,0.007142857,0.098061396,0.135500629,0.183097537,0.169868231,0.089685546,0.030758638,0.073696253,0.061372397,0.024867725,0.03640873
0.006944444,0.030092593,0.059974747,0.051557239,0,0.227579365,0.037059083,0.095634921,0.01034279,0.011363636,0.033061002,0.054635167,0.015625,0.024506844,0.017592593,0.005952381,0,0.044746104,0.039838242,0,0.037533069,0.060633976,0.107075344,0.022085161,0.030092593,0.015873016,0.032828283,0.023677249,0,0.015625
0.046531746,0.0381108,0.052253968,0.049058613,0.033590325,0.185856387,0.065931469,0.131724868,0.026881684,0.038263588,0.050314348,0.059055908,0.025147392,0.03784449,0.035133089,0.0474452,0.044391534,0.050730446,0.048705999,0.014814815,0.057543462,0.049889226,0.114327163,0.078055695,0.092089947,0.020876996,0.034214674,0.028337113,0.039428571,0.033888889
0.028356481,0.034208683,0.023484848,0.026424964,0.05462963,0.049603175,0.094589947,0.044444444,0.044814533,0.040614478,0.041478758,0.017831218,0.017857143,0.051147343,0.043910256,0.069246032,0.034722222,0.031611362,0.016206493,0.016666667,0.011904762,0.070433173,0.029523711,0.04752193,0.054398148,0.027353845,0.027874903,0.030357143,0.030555556,0.010416667
0.039372896,0.118108183,0.07684573,0.121346583,0.100752766,0.224083694,0.130262145,0.182655123,0.116440494,0.079690848,0.07106432,0.060705187,0.052922078,0.062266689,0.124172494,0.090656566,0.091540404,0.111626445,0.073998266,0.049393939,0.020580808,0.184118799,0.189277793,0.032476077,0.144179894,0.071770497,0.113571025,0.086103896,0.076666667,0.030871212
0.077854938,0.153791628,0.119848485,0.171951659,0.165017637,0.255978836,0.169193122,0.21994709,0.159870445,0.126950056,0.105836057,0.087156578,0.09781746,0.108886876,0.185779915,0.147156085,0.139814815,0.185134909,0.094453927,0.115061728,0.025132275,0.215095483,0.186493877,0.03309576,0.236794533,0.110947712,0.155859881,0.115992063,0.119537037,0.064583333
0.107916667,0.191309524,0.117272727,0.239231602,0.126309524,0.329880952,0.23140873,0.254761905,0.15335824,0.129608586,0.147487745,0.070597473,0.1125,0.086820652,0.174375,0.144345238,0.166666667,0.18525641,0.13373745,0.128888889,0.058035714,0.276445578,0.287670797,0.037006579,0.265277778,0.112384793,0.166579254,0.12577381,0.15875,0.084375
0.072453571,0.209176758,0.094458997,0.112609729,0.196486693,0.21103769,0.357149909,0.176266062,0.091960831,0.103985152,0.108482784,0.076338567,0.127915432,0.088062384,0.191086616,0.187463959,0.148388018,0.123109435,0.104118953,0.122048597,0.088235326,0.126155102,0.179392586,0.068403633,0.31178772,0.085532232,0.104060026,0.076129696,0.129523032,0.154447051
0.062606293,0.167184731,0.031957328,0.014157611,0.10526806,0.019327017,0.199674036,0.040986395,0.036324041,0.047522418,0.033998599,0.019121587,0.060677843,0.0222937,0.111878598,0.14470967,0.079081633,0.038532721,0.053483577,0.091950113,0.046130952,0.047486341,0.061376422,0.085623657,0.12751559,0.037362871,0.025093954,0.02858965,0.08337585,0.102040816
0.139102734,0.158936241,0.150932401,0.235347721,0.210710506,0.384321763,0.183571429,0.303658352,0.212962829,0.146316338,0.159996349,0.207491469,0.119160998,0.125353692,0.192603785,0.142309146,0.196947497,0.230371807,0.167388651,0.068148148,0.101771905,0.218761314,0.286681566,0.111999711,0.310966965,0.101904203,0.171565472,0.152823129,0.136825397,0.109416972
0.124506063,0.235030594,0.153359035,0.241235367,0.32670357,0.334279355,2.282655181,0.390765609,0.339888292,0.253600381,0.167216577,0.132119833,0.156096567,0.145369796,1.335891964,0.355680722,0.31944363,0.244841061,0.142776818,0.21639249,0.057309435,0.308971784,0.286547758,0.106719357,0.481216388,0.154085498,0.209040029,0.222235034,0.27834001,0.110103169
0.053418803,0.094294333,0.053111888,0.019080919,0.021172161,0.035897436,0.144971001,0.041465201,0.030272225,0.070070901,0.060148002,0.035397603,0.014835165,0.048947882,0.040473373,0.089400183,0.051923077,0.050366922,0.013989805,0.023461538,0.016117216,0.044794071,0.022658375,0.021833671,0.120592949,0.032782753,0.01708804,0.025728022,0.017948718,0.132692308
0.051577365,0.117250338,0.073845425,0.128366351,0.164020528,0.193926609,0.259535393,0.160437271,0.134892365,0.12958601,0.083798935,0.075969064,0.137252665,0.068934021,0.180621522,0.142613351,0.140024992,0.119629701,0.101791248,0.090943223,0.065396335,0.160351895,0.170371933,0.060869584,0.22352744,0.085798263,0.143592505,0.094799434,0.107555517,0.053904819
0.170454097,1.196500277,0.089879474,0.230860613,0.202883644,0.222604125,0.234775694,0.223843855,0.180887003,0.145129758,0.235441972,0.108777453,0.114530103,0.208422345,0.184349569,0.157908236,0.170110558,0.225688085,0.144608452,0.068172581,0.071953917,1.213576148,0.187120833,0.05973023,0.221879319,1.12195033,0.132764063,0.143061828,0.119108831,0.108985654
0.101506805,0.18858618,0.078614149,0.154455064,0.227734515,0.209015097,0.485774207,0.222975594,0.170690917,0.125801404,0.113099922,0.121892754,0.08915145,0.121544804,0.255086534,0.127942624,0.152595029,0.184453522,0.100315532,0.072789613,0.056638993,0.215286647,0.21528153,0.072827113,0.269395898,0.118346978,0.142491098,0.147399003,0.118454992,0.09083255
0.159296236,0.294686026,0.086928375,0.14797277,0.309939188,0.223393115,1.260855494,0.294126984,1.25836473,1.169144324,0.116317482,0.1152555,0.109431045,0.116486684,0.332288129,1.244088848,1.274080087,0.186322175,0.158001573,0.162039442,0.033315296,0.285551385,0.188161556,0.096029373,0.477944278,0.181873453,0.151320649,1.146283003,0.171190476,0.104410173
0.14715464,0.199670515,0.112881817,0.193545768,0.247998593,0.257009435,0.303868081,0.235262908,0.224043859,0.24891497,0.225066173,0.112750363,0.109028795,0.151098009,0.262502393,0.206809407,0.219876552,0.223568818,0.144725131,0.062122548,0.071977335,0.23805732,0.185549301,0.126715846,0.302792833,0.127793869,0.127539338,0.179770302,0.101452694,0.138590277
0.117783538,0.17047263,0.122652562,0.248967788,0.178092434,0.359996525,0.177741295,0.232060932,0.168628256,0.107701729,0.148425292,0.139185227,0.093803489,0.108901787,0.162561641,0.115588198,0.108787762,0.241928736,0.121642033,0.054308756,0.086862245,0.211562528,0.253644053,0.069162953,0.241918035,0.094655448,0.129760338,0.134052465,0.093802483,0.103672235
0.05,0.096386555,0.056363636,0.077705628,0.095555556,0.094761905,0.141190476,0.113333333,0.093287741,0.107828283,0.063382353,0.038071982,0.042857143,0.071557971,0.10724359,0.105952381,0.1,0.083559578,0.050190763,0.073333333,0.014285714,0.121148459,0.070779108,0.054758772,0.170238095,0.060165356,0.066899767,0.073571429,0.056666667,0.075
0.071811618,0.192553021,0.135815296,0.148733079,0.181547619,0.285600907,0.22343065,0.232777778,0.167569173,0.172501804,0.131691955,0.082749678,0.14038407,0.099243012,0.175117521,0.191756425,0.168783069,0.218271924,0.074827285,0.089126984,0.05109127,0.19489915,0.255499606,0.041600094,0.278108466,0.103977935,0.199232712,0.108120748,0.119087302,0.124751984
0.130696649,0.177887155,0.103347763,0.15665155,0.18532124,0.177067271,0.272509448,0.233227513,0.15995749,0.215239699,0.125362589,0.068108824,0.088435374,0.093230964,0.215624746,0.2074452,0.184126984,0.163760205,0.112409957,0.149488536,0.055328798,0.184181292,0.169945377,0.140797828,0.257136558,0.093155972,0.113312613,0.130680272,0.171005291,0.138492063
0.112265359,0.187139713,0.128504279,0.153303357,0.248617045,0.298093824,0.23606416,0.209562028,0.175654259,0.137556663,0.114634057,0.097059184,0.120517963,0.095239453,0.21276804,0.187456711,0.142789464,0.177593518,0.096541501,0.11638905,0.062409812,0.189683968,0.188154593,0.152763872,0.287326025,0.089821288,0.141266842,0.13598928,0.142638855,0.09275296
0.109377178,0.191162035,0.138149814,0.185630335,0.158116603,0.26684988,0.22268995,0.216576404,0.145144614,0.170385974,0.14161936,0.093853774,0.083723843,0.099937681,0.16395945,0.154219239,0.14270487,0.169504947,0.097457347,0.155881643,0.098500673,0.199090081,0.190753322,0.106806839,0.281848154,0.087285885,0.118778916,0.116386721,0.080554902,0.147346426
0.025026709,0.057063672,0.072992008,0.061871462,0.033791209,0.221645735,0.069852608,0.131548927,0.040506066,0.043251193,0.039889571,0.054897945,0.037843407,0.032738095,0.053533037,0.047828362,0.030769231,0.059678368,0.037157311,0.027350427,0.047789116,0.076954903,0.129939932,0.056168908,0.070115995,0.022986217,0.057693588,0.039688645,0.038782051,0.028914835
0.100050444,0.084905149,0.053356813,0.09662432,0.129905069,0.121134556,0.180377801,0.158353511,0.096428919,0.072902145,0.073783412,0.064618237,0.067969561,0.073735832,0.183637549,0.298195549,0.085552865,0.116671962,0.062894192,0.083562012,0.042805258,0.103917354,0.110315186,0.032368527,0.145614743,0.061967816,0.062462961,0.070604174,0.158555287,0.044188862
0.06308642,0.078997821,0.051414141,0.104882155,0.102345679,0.171534392,0.095573192,0.102539683,0.081310743,0.060549944,0.080708061,0.062672291,0.058531746,0.061574074,0.081688034,0.058201058,0.074074074,0.129679906,0.069369701,0.031111111,0.03015873,0.111352319,0.118325636,0.048367446,0.113712522,0.053036053,0.071225071,0.063068783,0.057037037,0.045833333
0.095871963,0.21976643,0.115076777,0.189698429,0.368522494,0.333280794,0.295795039,0.286801366,0.329396084,0.196940011,0.143341202,0.162318903,0.106249671,0.119691686,0.308721213,0.202509557,0.162782746,0.203274241,0.128341863,0.088694928,0.06339712,0.271923635,0.303856517,0.113375161,1.438177779,0.128823263,0.166998948,0.225095456,0.194843977,0.072764921
0.099399588,0.093053623,0.058838625,0.078849823,0.144678173,0.108472317,0.147861225,0.13624288,0.105624898,0.175857257,0.06479712,0.065596335,0.092754614,0.076115236,0.128844582,0.12656072,0.091686603,0.10499429,0.08532263,0.058304094,0.123917037,0.084766347,0.076445656,0.077530783,0.176069316,0.056632944,0.075207797,0.080977444,0.096699561,0.068832237
0.082627866,0.13842537,0.044300144,0.047679173,0.077399849,0.066024187,0.163057445,0.091005291,0.049678224,0.054252846,0.062122627,0.039452223,0.050736961,0.051917989,0.113721001,0.120464853,0.073412698,0.074522972,0.067196564,0.056790123,0.027777778,0.071334883,0.050168197,0.045875104,0.115630511,0.049344469,0.037166537,0.040759637,0.096693122,0.119047619
0.087594458,0.164723535,0.108964369,0.18375183,0.172518606,0.252867899,0.189857235,0.180291005,0.130736512,0.103365693,0.107783643,0.072686057,0.108842992,0.077436528,0.170703895,0.136185607,0.121219984,0.181343727,0.105555746,0.10378239,0.038792226,0.192625292,0.190563172,0.045193231,0.245589375,0.106973583,0.145592086,0.116337069,0.12892908,0.082535867
0.110193452,0.163034259,0.124757969,0.169172359,0.158428675,0.323132344,0.213979076,0.232724181,0.140284576,0.121702414,0.144795327,0.103919337,0.101837894,0.102413302,0.175733433,0.156686766,0.157819264,0.198136422,0.11301847,0.100735931,0.063810297,0.200965614,0.226013642,0.074657382,0.280744949,0.089173939,0.13276799,0.104025974,0.133430736,0.115097403
0.118872054,0.173305322,0.058264463,0.118549128,0.172419432,0.149350649,0.170738336,0.274978355,0.11375994,0.11003214,0.113251634,0.087318651,0.087878788,0.104249012,0.171905594,0.089790765,0.104545455,0.164744732,0.090143909,0.038181818,0.040909091,0.170185347,0.176932861,0.080776847,0.182575758,0.11024709,0.134700148,0.109372294,0.146666667,0.06969697
0.105914948,0.133530846,0.121501774,0.20172664,0.120870324,0.300761472,0.143219496,0.169846082,0.100998551,0.093643784,0.098522632,0.098589435,0.074534456,0.091017678,0.125992873,0.097410748,0.085476664,0.167806497,0.096893633,0.039602543,0.068855559,0.144832298,0.170152342,0.109087664,0.152630416,0.080635531,0.11558733,0.104913139,0.07855564,0.071996969
0.046626984,0.062655062,0.048051948,0.059987631,0.053401361,0.127210884,0.071088435,0.081632653,0.049548898,0.054112554,0.032177871,0.053699212,0.033163265,0.060170807,0.084203297,0.045918367,0.041666667,0.047780651,0.030098967,0.014285714,0.023809524,0.079588978,0.066518766,0.117919799,0.062783447,0.052675909,0.055361305,0.063265306,0.026190476,0.017857143
0.075334821,0.094979242,0.063311688,0.075544991,0.084367914,0.123426871,0.132164116,0.106632653,0.067611841,0.076907468,0.057247899,0.037870418,0.046077806,0.04203869,0.104813416,0.087903912,0.077380952,0.084498222,0.045856641,0.046230159,0.026041667,0.094985316,0.108190693,0.068366228,0.147073413,0.042402848,0.063467782,0.058864796,0.071279762,0.058035714
0.063207799,0.108707489,0.080201049,0.066724942,0.074861789,0.174740537,0.160727004,0.136070411,0.066301828,0.06650641,0.07306383,0.063395951,0.032194368,0.082145926,0.10316164,0.091371591,0.056891026,0.079885283,0.045645241,0.036811491,0.0433837,0.121318506,0.097890385,0.106276358,0.111378205,0.064065494,0.051590237,0.055128205,0.047480413,0.050480769
0.069097222,0.141439076,0.054924242,0.091946248,0.134126984,0.120436508,0.155853175,0.111111111,0.099969746,0.087857744,0.082618464,0.052501733,0.05952381,0.073520531,0.12991453,0.086805556,0.090277778,0.127419558,0.055409137,0.050925926,0.013888889,0.147788282,0.096369537,0.089044225,0.154431217,0.081272025,0.081050894,0.076289683,0.076388889,0.057291667
0.050799663,0.063063407,0.058333333,0.101666011,0.048593074,0.200468975,0.111513949,0.1001443,0.042776422,0.023779461,0.051474302,0.036293005,0.030844156,0.025403491,0.081206294,0.044282107,0.042929293,0.086612734,0.057179475,0.044949495,0.029040404,0.088918901,0.120300166,0.016098485,0.0809133,0.023498402,0.066442396,0.04767316,0.079671717,0.021780303
0.084787894,0.184623533,0.105614472,0.105073351,0.22907343,0.152131403,0.246566502,0.185720383,0.129459784,0.135551313,0.118636036,0.056942163,0.104214573,0.102690376,0.174881662,0.180526612,0.181964895,0.134272642,0.123605181,0.057953275,0.057534602,0.180375674,0.133379147,0.069309633,0.33362295,0.095026175,0.14174294,0.080614041,0.096483065,0.129415699
0.135037224,0.140997211,0.081335331,0.139839327,0.106661725,0.205349148,0.130181261,0.130565731,0.127634859,0.080813477,0.114205811,0.08549072,0.067056951,0.079857793,0.098461421,0.103846881,0.132427757,0.148402984,0.134162137,0.043162393,0.090335921,0.14254267,0.156395535,0.11318032,0.15059863,0.073033887,0.067880481,0.088392494,0.07465405,0.083295177
0.175556875,0.183583839,0.119655801,0.198473322,0.196031034,0.334433854,0.211189929,0.249874503,0.155917922,0.129467916,0.160060251,0.107285347,0.116087791,0.115585844,0.184063688,0.136149756,0.127785008,0.203477787,0.110370049,0.080908762,0.049182316,0.236203723,0.301873371,0.117859415,0.233778129,0.125360514,0.143156703,0.130595671,0.123451273,0.075496498
0.070746382,1.175731921,0.076663898,0.144756123,0.18203572,0.152485521,0.210058384,0.155742586,0.188786424,0.153075992,0.110682894,0.061582988,0.070016149,0.08868523,0.154780146,0.150535739,0.196455571,0.131479767,0.154545888,0.058380709,0.045891696,1.194971015,0.165127311,0.098060996,0.199658184,1.142032285,0.098576373,0.146638061,0.076576559,0.066420792
0.066826469,0.153705663,0.085203302,0.175943414,0.138072272,0.241935356,0.155357933,0.197243702,0.134076693,0.10228495,0.110814204,0.079402474,0.08334844,0.071881328,0.156729522,0.106802745,0.127006044,0.163199705,0.100693034,0.071676182,0.037578053,0.212594507,0.193148221,0.030301688,0.200113625,0.083593455,0.144129361,0.097049987,0.109146326,0.056298974
0.137628846,0.193666999,0.107877661,0.199094694,0.233368763,0.249834479,0.419155567,0.223823917,0.202783104,0.177953095,0.140911712,0.112227997,0.105673099,0.11118075,0.330082748,0.25740138,0.219716345,0.221548498,0.095943644,0.155317885,0.028578625,0.221340757,0.220764277,0.044461814,0.311071991,0.125076317,0.162434713,0.173806202,0.185627373,0.110555685
0.096823205,0.141442442,0.060503686,0.111594065,0.100825001,0.148838605,0.161966534,0.119276557,0.10598429,0.175676004,0.089084411,0.053010205,0.052780201,0.083490341,0.11091068,0.136559808,0.124285343,0.081911271,0.082269436,0.064680065,0.078899985,0.127072711,0.089646951,0.107981903,0.139528522,0.074204619,0.051214205,0.100275035,0.068617897,0.046793789
0.0551652,0.111655271,0.057810559,0.108418199,0.115006162,0.163990683,0.12856995,0.147747708,0.10223624,0.085981712,0.080126355,0.050414446,0.066440217,0.063956871,0.130060121,0.0847937,0.102639752,0.120639293,0.066794055,0.059806763,0.023033126,0.151376296,0.123745791,0.033526581,0.161240511,0.067322567,0.097862464,0.074032831,0.089327122,0.044798137
0.086030026,0.122018363,0.084401146,0.141475909,0.142791923,0.286040924,0.192016478,0.141141939,0.105604419,0.093887039,0.099270767,0.086443566,0.071438954,0.080009771,0.151984013,0.101509558,0.096038027,0.154765646,0.074585274,0.048320368,0.065634209,0.139761284,0.149291078,0.047446031,0.167211694,0.06929247,0.120337937,0.104602329,0.075167658,0.062223075
0.090214646,0.328300866,0.22464876,0.227093172,0.221879509,0.488398268,0.784871934,0.261168831,0.691681442,0.69244146,0.154401738,0.134402437,0.153287338,0.104994236,0.143439685,0.764366883,0.718560606,0.253491362,0.214596112,0.077525253,0.190854978,0.230357143,0.291766442,0.18241876,0.325775613,0.093427943,0.182848591,0.648998918,0.081628788,0.251704545
0.108819639,0.227252715,0.164352559,0.26978746,0.177649393,0.492345271,0.284050009,0.278344671,0.177781426,0.131605799,0.153328905,0.104394493,0.098014206,0.110949362,0.198903568,0.139885121,0.153419701,0.245119692,0.151842067,0.09126206,0.075776144,0.341000476,0.311137956,0.064176296,0.242160753,0.130072095,0.19715048,0.155097872,0.144765406,0.069021359
0.083797031,0.089775392,0.06020202,0.10139032,0.135571513,0.144126984,0.127084908,0.116598639,0.10412014,0.100916573,0.088883183,0.059828487,0.061640212,0.071330803,0.109035409,0.080272109,0.116402116,0.125133871,0.080125582,0.05664903,0.035367851,0.110555545,0.134314645,0.04697322,0.150257202,0.066584412,0.086659637,0.094933233,0.082689594,0.072420635
0.089880952,0.077394958,0.057299078,0.072939018,0.21723356,0.091653357,0.147365835,0.094603175,0.10413577,0.092625531,0.073997382,0.069809487,0.061479592,0.095713686,0.137925625,0.13021542,0.127191166,0.102122387,0.124924979,0.064444444,0.091149068,0.10164018,0.093550631,0.134309097,0.256469979,0.065889582,0.054976183,0.073071576,0.080714286,0.035791925
0.065080753,0.114515247,0.070025429,0.091109107,0.074434296,0.189788783,0.114177886,0.162366205,0.065030039,0.058597968,0.072357055,0.060869066,0.053901456,0.050524657,0.066222239,0.074021217,0.058025308,0.100972557,0.073111276,0.02037962,0.051044194,0.111222961,0.175080694,0.037763114,0.102584915,0.040063623,0.073321783,0.056450692,0.052655678,0.081793207
0.080389806,0.213740092,0.189271328,0.295488467,0.180950235,0.482431045,0.305435195,0.246348744,0.178136089,0.152480354,0.133021951,0.118105492,0.141212096,0.092720748,0.199808306,0.154163406,0.171575596,0.250356653,0.171338669,0.079000532,0.096842072,0.260292408,0.280901074,0.059318191,0.265922065,0.094717673,0.232857734,0.177790821,0.108220073,0.129039248
0.094333213,0.093591073,0.059173554,0.106340305,0.112368584,0.125161822,0.211385625,0.136883117,0.098813764,0.089902269,0.086165436,0.062432588,0.07796073,0.077585639,0.167648185,0.168568336,0.111399711,0.100732927,0.055818947,0.113602694,0.038131313,0.103201757,0.083121588,0.023554625,0.171073834,0.066328819,0.059396664,0.065826634,0.12959596,0.066179654
0.095015568,0.111212163,0.075126018,0.13383199,0.165331891,0.198076059,0.185710379,0.185228132,0.122301541,0.120212816,0.08987215,0.080349923,0.077930979,0.07543089,0.192242164,0.122884962,0.105814551,0.153067828,0.068732014,0.089394695,0.051161418,0.133358078,0.158378602,0.048756024,0.214763768,0.070807146,0.114515643,0.107962474,0.126402534,0.052950652
0.101506805,0.18858618,0.078614149,0.154455064,0.227734515,0.209015097,0.485774207,0.222975594,0.170690917,0.125801404,0.113099922,0.121892754,0.08915145,0.121544804,0.255086534,0.127942624,0.152595029,0.184453522,0.100315532,0.072789613,0.056638993,0.215286647,0.21528153,0.072827113,0.269395898,0.118346978,0.142491098,0.147399003,0.118454992,0.09083255
0.024325545,0.068604158,0.07656038,0.12100694,0.040910527,0.375269909,0.091734496,0.277459641,0.045968459,0.05065985,0.072197486,0.096781028,0.051956417,0.037656567,0.044774525,0.058904034,0.0530828,0.091288333,0.049743983,0.016109927,0.044052696,0.086439604,0.170270137,0.053592899,0.098470939,0.028104549,0.077949,0.036010001,0.072983298,0.051727967
0.14715464,0.199670515,0.112881817,0.193545768,0.247998593,0.257009435,0.303868081,0.235262908,0.224043859,0.24891497,0.225066173,0.112750363,0.109028795,0.151098009,0.262502393,0.206809407,0.219876552,0.223568818,0.144725131,0.062122548,0.071977335,0.23805732,0.185549301,0.126715846,0.302792833,0.127793869,0.127539338,0.179770302,0.101452694,0.138590277
0.176642062,0.255827257,0.115751575,0.212989921,0.222518859,0.264064289,0.313969152,0.205999529,0.22463134,0.212550719,1.141953192,0.106245062,0.12691958,0.196163687,0.218809841,0.230075941,0.25362447,0.237659896,0.129394683,0.111413641,0.025548091,0.266391741,0.180897601,0.136845323,0.288479294,0.153920727,0.152209589,0.176501987,0.127006719,0.169134547
0.05122549,0.134036909,0.082681436,0.111771072,0.14410831,0.303385354,0.162423636,0.215782313,0.12711723,0.107384772,0.082034932,0.065835763,0.072794118,0.062133114,0.150444947,0.116046419,0.110784314,0.137243495,0.072933414,0.070065359,0.016156463,0.157794126,0.157824581,0.034127598,0.182726424,0.077055794,0.109435662,0.084201681,0.114509804,0.055987395
0.099088203,0.188389401,0.106749311,0.195497765,0.187767986,0.311321892,0.725825861,0.181403834,0.712936382,0.672864194,0.129999469,0.105542451,0.095518321,0.100444664,0.191217532,0.670195578,0.70981241,0.189453194,0.12873419,0.081406926,0.062722892,0.213410494,0.203235182,0.121526947,0.202254046,0.097213064,0.134331199,0.666483457,0.097180736,0.077340368
0.08662296,0.105001061,0.06406877,0.096792287,0.067463035,0.15241991,0.11892531,0.124208161,0.091375059,0.078898767,0.088503055,0.055688877,0.060774081,0.050666733,0.08146148,0.094155432,0.098332065,0.118289577,0.086894076,0.0713724,0.035132185,0.118075008,0.116380932,0.087214236,0.130700213,0.06109485,0.06592621,0.078643002,0.080162354,0.085568874
0.108819639,0.227252715,0.164352559,0.26978746,0.177649393,0.492345271,0.284050009,0.278344671,0.177781426,0.131605799,0.153328905,0.104394493,0.098014206,0.110949362,0.198903568,0.139885121,0.153419701,0.245119692,0.151842067,0.09126206,0.075776144,0.341000476,0.311137956,0.064176296,0.242160753,0.130072095,0.19715048,0.155097872,0.144765406,0.069021359
0.026613642,0.060464207,0.06748825,0.076005897,0.058019137,0.244060429,0.088703327,0.133180649,0.05763301,0.057582652,0.061323494,0.060170624,0.044781452,0.038827991,0.050664095,0.053830387,0.052689834,0.085526713,0.054726179,0.024072245,0.052340684,0.093294298,0.160457493,0.061060157,0.095589035,0.030523398,0.057421638,0.042608652,0.031363507,0.034280691
0.087019144,0.111247742,0.064743787,0.120445796,0.179472668,0.14047998,0.154900404,0.17159106,0.158937407,0.093069029,0.087523359,0.092687411,0.075694484,0.079475435,0.193044385,0.131110487,0.110699363,0.142468565,0.070262159,0.092852353,0.031255922,0.144086606,0.141859701,0.040532386,0.253328295,0.0770911,0.090155763,0.099568316,0.122314244,0.049687459
0.083014871,0.090104335,0.102805326,0.127444357,0.153343755,0.285377585,0.133801908,0.198754209,0.125564962,0.085186461,0.117555209,0.122753548,0.067911255,0.093565181,0.127627881,0.082473545,0.113846801,0.141753127,0.117108231,0.025555556,0.080675806,0.144412209,0.228587905,0.094803296,0.290416065,0.062464301,0.099014033,0.099551467,0.097609428,0.043308081
0.109440193,0.157813887,0.072974644,0.116519054,0.115011878,0.187291869,0.189801047,0.16851312,0.096305687,0.119986429,0.101680839,0.07441265,0.05574587,0.096195036,0.126796616,0.111341918,0.103174603,0.127105201,0.095837636,0.045049131,0.041188856,0.168691762,0.14756504,0.09382019,0.134141156,0.075677091,0.081690532,0.099654195,0.083645125,0.115348639
0.038813792,0.114425541,0.174172879,0.2232089,0.10926032,0.417587287,0.144171465,0.206268568,0.124483889,0.104831552,0.093022461,0.094273928,0.082114475,0.076267928,0.113548808,0.104362073,0.103993365,0.178508591,0.103893754,0.048648247,0.081732946,0.18018629,0.275669336,0.092238855,0.207831702,0.062618686,0.167804208,0.11182041,0.068769806,0.062370024
0.085255194,0.098203614,0.067879488,0.098680289,0.088570777,0.130730053,0.210668452,0.112000463,0.125456675,0.122084819,0.097837551,0.055881979,0.053456543,0.061575894,0.174981662,0.178676541,0.22187443,0.10590719,0.083609299,0.082690517,0.053212404,0.093015113,0.117218448,0.04391849,0.182121791,0.054513019,0.063519977,0.090549537,0.092040742,0.082724612
0.053702069,0.013918812,0.001342047,0.015478851,0.043288822,0.016750601,0.0371739,0.070583146,0.019052474,0.018374648,0.018462157,0.030879488,0.011277884,0.029450594,0.053626012,0.025796958,0.029237991,0.027035349,0.015943344,0.019099398,0.007602261,0.0178115,0.040373615,0.009214913,0.025902735,0.025237325,0.012295777,0.028199223,0.045819078,0.01073862
0.039536411,0.048569157,0.040944191,0.04479642,0.064864865,0.244672734,0.069291996,0.188472146,0.054938867,0.048006611,0.036283973,0.056791053,0.020511583,0.038512115,0.062006237,0.051767329,0.041103604,0.06106923,0.026787846,0.016816817,0.024521971,0.067362659,0.118105866,0.040075061,0.065771128,0.03371052,0.0503303,0.049340412,0.042905405,0.015685328
0.048809692,0.097767926,0.102061449,0.162797553,0.105778842,0.338998509,0.126084938,0.243481083,0.07380657,0.091231094,0.10469475,0.133778695,0.071101699,0.054682717,0.07586609,0.096262394,0.083246605,0.131431226,0.076917843,0.025653318,0.08850661,0.10222292,0.207331798,0.132932816,0.164719066,0.040968174,0.093632002,0.071951293,0.045154164,0.072080104
0.149763781,0.206031045,0.203839154,0.335443718,0.204643324,0.663377092,0.221221772,0.410184973,0.199214465,0.163006807,0.227569562,0.181035536,0.153184237,0.143915481,0.193932336,0.157978547,0.242667276,1.718949406,0.201548664,0.089651329,0.124158683,0.319565239,0.391030089,0.107138902,0.322768043,0.124939438,0.235155996,0.169775026,0.161759854,0.144122302
0.139214506,0.8537543,0.068740795,0.12430957,0.144359532,0.160505888,0.462460232,0.165524322,0.144197319,0.117945947,0.131088095,0.063286678,0.083413658,0.098801134,0.168256031,0.400348609,1.237329749,0.132381931,0.111199896,0.080329749,0.051397209,0.849786576,0.134402963,0.04581037,0.194029271,0.785283882,0.088136013,0.10674808,0.113810932,0.091032706
0.07199542,0.113656546,0.104780362,0.159704813,0.143117667,0.268965557,0.137976071,0.22570903,0.116746639,0.09798261,0.083030313,0.099045626,0.060792429,0.075490546,0.113902493,0.086641518,0.10163859,0.160800157,0.110570559,0.023669281,0.074792079,0.149260683,0.221923263,0.092748763,0.188220233,0.064572626,0.117339168,0.109863514,0.062137025,0.050164585
0.078358184,0.124452109,0.110639483,0.13183891,0.048414644,0.207637499,0.156882151,0.14862834,0.063552662,0.112161089,0.09770006,0.044482848,0.060756594,0.060648973,0.09177818,0.105138583,0.101059174,0.099522998,0.058017633,0.045588235,0.060246321,0.127565557,0.156250318,0.065103988,0.202783776,0.058098888,0.075818245,0.081118142,0.055664488,0.128530579
0.087844255,0.192229165,0.095757576,0.157738558,0.279728666,0.212486772,0.28699498,0.223068783,0.220192705,0.194725028,0.100868946,0.087398912,0.13476801,0.090143069,0.296321499,0.214489214,0.194017094,0.21238865,0.076957231,0.163760684,0.017399267,0.202533834,0.184883475,0.085335133,0.312929046,0.107836187,0.165072819,0.169157509,0.206923077,0.058119658
0.045403511,0.055632653,0.029130533,0.038281465,0.023035783,0.084536313,0.051520994,0.08432429,0.02293078,0.049849385,0.038243397,0.029889386,0.02158694,0.028186528,0.029352862,0.028486565,0.031414039,0.051190234,0.033852325,0.000522876,0.032464055,0.044252397,0.065314579,0.015634086,0.049492847,0.019436099,0.029144328,0.02739142,0.014334236,0.035215626
0.050107359,0.067796093,0.08033719,0.090793838,0.08299798,0.25986543,0.098893012,0.13702115,0.067673461,0.070258691,0.102888668,0.069329252,0.071755102,0.091568041,0.071079121,0.064886827,0.077679654,0.112594151,0.059028384,0.033549206,0.053975263,0.117171762,0.121755095,0.11426792,0.110626263,0.045831954,0.07730742,0.046316636,0.055251948,0.068441558
0.012772331,0.040045724,0.064015152,0.052080681,0.034391534,0.226739029,0.048299876,0.115989729,0.029883585,0.032902555,0.039206075,0.047735559,0.032431723,0.022849176,0.017559075,0.026260504,0.011437908,0.063939905,0.033417001,0.006100218,0.049982493,0.051939648,0.099150404,0.025017737,0.048883442,0.010465666,0.037924494,0.022759104,0.008823529,0.035232843
0.141197419,0.188557867,0.130213904,0.230670473,0.215556992,0.385588594,0.204012545,0.239481434,0.181950831,0.149945915,0.163600538,0.149680448,0.120865654,0.1226064,0.181102796,0.141797745,0.155605832,2.792698075,0.120303537,0.073252891,0.051003735,0.219963249,0.259857873,0.065348396,0.244156851,0.120095842,0.166617445,0.149579832,0.124346405,0.117741327
0.028515625,0.057796452,0.062121212,0.077380952,0.041435185,0.290079365,0.062003968,0.128174603,0.038780184,0.038667929,0.065875204,0.078058123,0.025483631,0.03026872,0.033727297,0.040178571,0.025173611,0.070512821,0.030023218,0.00625,0.038194444,0.059688459,0.152235356,0.045381031,0.123119213,0.021907755,0.040537587,0.032886905,0.0796875,0.029947917
0.032333833,0.073385996,0.090546545,0.080243644,0.088555722,0.225625759,0.16373123,0.205502963,0.059788318,0.085888117,0.068362436,0.082496223,0.085334119,0.054259283,0.115080921,0.116188334,0.064392804,0.083705206,0.054216566,0.086476762,0.067177126,0.080174439,0.129538136,0.060542426,0.187594893,0.02919657,0.079140849,0.038548583,0.109565217,0.075974513
0.030897746,0.108922989,0.086429513,0.1259803,0.098516218,0.242891649,0.128600184,0.154589372,0.093829078,0.076324843,0.073618215,0.049737872,0.053571429,0.05186673,0.097589186,0.075483092,0.084541063,0.116947559,0.068452797,0.046859903,0.027346446,0.163951088,0.175602434,0.047454233,0.152921555,0.054846763,0.108552076,0.075966184,0.063164251,0.042572464
0.076797342,0.190017356,0.129875702,0.176228957,0.109915412,0.343772929,0.187949183,0.227749405,0.109222135,0.103852984,0.131796169,0.090767545,0.086235549,0.079065696,0.112010879,0.128562871,0.103851712,0.17125944,0.105559056,0.04743985,0.065807996,0.186364747,0.219948694,0.048679766,0.191601955,0.07001612,0.134660514,0.09063148,0.078476483,0.128049503
0.120501293,0.329452705,0.265150531,0.383057266,0.307641208,0.638327664,0.427595599,0.439096063,0.277123539,0.234284129,0.198576362,0.189311335,0.207034632,0.166579812,0.400410839,0.302101371,0.27521645,0.374334897,0.203389521,0.206616162,0.098742527,0.375236859,0.405426212,0.127149147,0.467183742,0.177576529,0.319343409,0.234402443,0.290301227,0.209564394
0.074515993,0.131182129,0.105831038,0.16576807,0.183859227,0.273415103,0.194517396,0.156940837,0.11343228,0.102099276,0.098896316,0.084222884,0.094191919,0.087419485,0.155213028,0.098136123,0.100505051,0.172929141,0.092721086,0.059393939,0.056986532,0.169373911,0.198953905,0.080622674,0.221220138,0.07580563,0.135189894,0.107876383,0.079090909,0.078661616
0.078009586,0.130245544,0.039913069,0.085381457,0.175674444,0.118935881,0.133428316,0.179377401,0.122907459,0.078973397,0.076818257,0.04075269,0.093064237,0.05053031,0.131991436,0.117202815,0.130831961,0.088139362,0.08074351,0.097944928,0.031624212,0.154012181,0.172012424,0.023799895,0.18943261,0.070095055,0.104075882,0.082133196,0.190094488,0.042883292
0.051092972,0.099217968,0.017407963,0.017365235,0.045282385,0.03496585,0.121845691,0.08867947,0.039831486,0.058920035,0.030452258,0.018269082,0.024987506,0.027262939,0.073367163,0.089828102,0.054569937,0.031642801,0.039994109,0.014700057,0.021737147,0.03132544,0.042194058,0.021277775,0.060738149,0.023071978,0.016120533,0.034057574,0.038550169,0.090912877
0.046305884,0.134124484,0.088657881,0.161503561,0.172889546,0.200262046,0.158309618,0.173082558,0.147496123,0.116640518,0.112825299,0.084106332,0.087690194,0.079433046,0.163813723,0.10990772,0.154191321,0.272506404,0.091576097,0.073155819,0.049006762,0.187087291,0.171963525,0.089101331,0.247380718,0.08843808,0.131658529,0.097064666,0.104442801,0.07170858
0.067839506,0.077091503,0.075151515,0.081373256,0.051746032,0.153015873,0.087592593,0.117142857,0.060969455,0.083641975,0.078447712,0.047916124,0.078174603,0.058816425,0.05741453,0.072883598,0.105555556,0.091980895,0.076057564,0.042222222,0.098280423,0.075980392,0.121133987,0.062414717,0.136507937,0.041482184,0.057148407,0.037222222,0.058888889,0.091666667
0.186248963,0.288913935,0.222469442,0.466955216,0.284443111,0.628527856,0.309517863,0.369402872,0.258613313,0.191772003,1.209456299,0.169440451,0.165454515,0.212216209,0.24788463,0.19040644,0.21407174,0.419728535,0.194578527,0.099148771,0.072990585,0.399211022,0.397244011,0.093295801,0.345692953,0.177759665,0.289035502,0.243616613,0.177778556,0.151809057
0.097585499,0.126519947,0.063839198,0.101224515,0.149285714,0.158161802,0.144592294,0.126536098,0.099434335,0.09527737,0.073778331,0.061905903,0.07828341,0.062650479,0.126924455,0.103299411,0.098543907,0.135357571,0.06998054,0.05844086,0.034978239,0.125632484,0.137244334,0.048982503,0.17828661,0.060607021,0.093040517,0.087083333,0.085322581,0.09250672
0.07940598,0.189089053,0.14465,0.268650957,0.229223447,0.546046151,0.239386747,0.443224477,0.192939232,0.139086278,0.192508742,0.135946598,0.14344964,0.092201814,0.186346057,0.158075292,0.167087085,0.259857873,0.151055716,0.099245569,0.095229133,0.281238877,4.865454657,0.128108052,0.362119519,0.107078445,0.224644628,0.146500916,0.269340176,0.089714757
0.102652156,0.102484434,0.060121109,0.124542053,0.08327021,0.193674077,0.122024698,0.087194148,0.073490607,0.047549152,0.082556988,0.064351164,0.051692076,0.054583749,0.081961806,0.077953751,0.07964144,0.122625963,0.091409257,0.057557319,0.041119345,0.110949541,0.113160957,0.101497491,0.083994118,0.053836769,0.058768018,0.071557911,0.080927107,0.042168013
0.08662296,0.105001061,0.06406877,0.096792287,0.067463035,0.15241991,0.11892531,0.124208161,0.091375059,0.078898767,0.088503055,0.055688877,0.060774081,0.050666733,0.08146148,0.094155432,0.098332065,0.118289577,0.086894076,0.0713724,0.035132185,0.118075008,0.116380932,0.087214236,0.130700213,0.06109485,0.06592621,0.078643002,0.080162354,0.085568874
0.155245571,1.291546732,0.176642954,0.277547057,0.289681446,0.463893763,0.326581568,0.263005657,0.263347536,0.202506925,0.210674109,0.14726637,0.13506786,0.171243277,0.210531919,0.215140529,0.217391269,0.311252737,0.198883981,0.067846941,0.085975955,1.278871918,0.274697676,0.105575568,0.323280784,1.127664584,0.190066839,0.200318592,0.113928616,0.180786432
0.086030026,0.122018363,0.084401146,0.141475909,0.142791923,0.286040924,0.192016478,0.141141939,0.105604419,0.093887039,0.099270767,0.086443566,0.071438954,0.080009771,0.151984013,0.101509558,0.096038027,0.154765646,0.074585274,0.048320368,0.065634209,0.139761284,0.149291078,0.047446031,0.167211694,0.06929247,0.120337937,0.104602329,0.075167658,0.062223075
0.055737837,0.117517576,0.06780699,0.126158298,0.141962096,0.221517062,0.125457202,0.168165478,0.112141296,0.078105386,0.079064756,0.065472208,0.06360959,0.063974945,0.123972944,0.091041701,0.084785134,0.124606941,0.077191519,0.044483159,0.034794812,0.174554956,0.185213115,0.033853689,0.165790978,0.069394792,0.115474634,0.08622449,0.072986837,0.035786876
0.073615196,0.122268633,0.10697861,0.157179993,0.110742297,1.644962652,0.142257236,0.22961718,0.106557718,0.08944593,0.108353998,0.12072398,0.067244398,0.076781401,0.100078557,0.091538282,0.086601307,0.159616863,0.084644854,0.031067538,0.057049486,0.154033672,0.203794604,0.067330581,0.14318005,0.062364263,0.102305864,0.089558824,0.071519608,0.056862745
0.090052776,0.118861686,0.104341361,0.173968855,0.098130334,0.580238619,0.15035735,0.294881324,0.127140522,0.107553506,0.209473755,0.170411806,0.081603512,0.074668189,0.091204549,0.100245785,0.101827602,0.189761406,0.100754342,0.04208846,0.063291059,0.147440492,0.354725653,0.109667265,0.208348416,0.057867163,0.112684131,0.126345989,0.165913402,0.079262126
0.070022818,0.133177448,0.117188462,0.153767759,0.122587111,0.253787171,0.219640576,0.140765357,0.101533409,0.108334853,0.101778843,0.071036863,0.085051274,0.06614843,0.130164803,0.118839922,0.101833903,0.156810738,0.073969349,0.060124777,0.049882402,0.15850252,0.181882442,0.062135309,0.213147111,0.060320822,0.189420947,0.093737144,0.070056818,0.094599488
0.075413182,0.078562387,0.130076128,0.135401054,0.087067294,0.493803511,0.09584135,0.245073547,0.07222538,0.096779542,0.124672931,0.137906662,0.089222728,0.089843237,0.06640658,0.083583531,0.079928315,0.15150644,0.07959667,0.027319793,0.114265834,0.115641733,0.261426992,0.109462596,0.151800196,0.044933243,0.104311633,0.075452296,0.068010753,0.08048326
0.070584847,1.11961817,0.053743316,0.122581731,0.172035051,0.106657502,0.168156725,0.134092347,0.166182808,0.121915139,0.093966761,0.072453197,0.062446753,0.107164465,0.157509244,0.125647033,0.12996973,0.120095842,0.091260066,0.051890003,0.016953556,1.125262317,0.107078445,0.02972484,0.179889429,2.307135862,0.091653287,0.116098052,0.071516671,0.053317295
0.076502952,0.157713569,0.165234958,0.192651672,0.137196151,0.450594663,0.195316502,0.252325742,0.135606544,0.114597058,0.146361774,0.1128085,0.090571084,0.115686918,0.13412068,0.117112376,0.174557166,0.185366982,0.172037158,0.056763285,0.103246492,0.261593091,0.324151842,0.120666476,0.290026647,0.081047421,0.154803047,0.112759949,0.100986312,0.073943237
0.053792232,0.13640774,0.032036887,0.012471253,0.055471112,0.039612269,0.154806981,0.117956349,0.053633286,0.083992204,0.040500627,0.022921162,0.038163442,0.042396337,0.076595887,0.111503803,0.068008019,0.050337964,0.034630163,0.004861111,0.040931477,0.055334262,0.057895673,0.02793499,0.093173019,0.046451326,0.026902351,0.038735946,0.030148396,0.117854043
0.08407075,0.204513371,0.258848485,0.363778814,0.233301587,0.680733415,0.283988197,0.312999593,0.188373341,0.157833463,0.181952824,0.14921833,0.140866911,0.120860585,0.178104975,0.131129426,0.157977208,0.320409174,0.187622747,0.065264957,0.138764754,0.284295393,0.411997092,0.134098628,0.327168634,0.106969461,0.270163768,0.180111925,0.095649573,0.137115385
0.08662296,0.105001061,0.06406877,0.096792287,0.067463035,0.15241991,0.11892531,0.124208161,0.091375059,0.078898767,0.088503055,0.055688877,0.060774081,0.050666733,0.08146148,0.094155432,0.098332065,0.118289577,0.086894076,0.0713724,0.035132185,0.118075008,0.116380932,0.087214236,0.130700213,0.06109485,0.06592621,0.078643002,0.080162354,0.085568874
0.065396486,0.016947377,0.010606061,0.032763533,0.032085199,0.071916972,0.056627323,0.065201465,0.013684306,0.013403263,0.037512569,0.029163771,0.014957265,0.030193237,0.049298707,0.022893773,0.030270655,0.044336801,0.038392888,0.023931624,0.015669516,0.036614218,0.054790338,0.020213394,0.027065527,0.013213805,0.010967665,0.025071225,0.056695157,0.016559829
0.075789984,0.195990236,0.098398376,0.220902766,0.216872133,0.243013291,0.195768908,0.187148358,0.169550569,0.145233125,0.133330941,0.07472762,0.102179102,0.102708081,0.181712432,0.110559793,0.142498625,0.191332998,0.111525085,0.066219551,0.046017433,0.227630206,0.220176603,0.077722824,0.24541995,0.141136919,0.148183596,0.14107735,0.107445191,0.073285007
0.112128928,0.155573876,0.104118457,0.108291246,0.149645663,0.203879269,0.164188312,0.171221741,0.139775201,0.114471738,0.067926074,0.084296226,0.05275974,0.064005087,0.128133579,0.133916546,0.128324916,0.127940796,0.098805931,0.053995511,0.068097643,0.149601053,0.158287501,0.235833112,0.172374539,0.064995783,0.09405359,0.114743867,0.065260943,0.044570707
0.092287242,0.241269538,0.096731015,0.158715051,0.163460901,0.206319298,0.264627689,0.22328498,0.13416502,0.127141334,0.165266683,0.079770053,0.089886106,0.150411341,0.179116517,0.145483207,0.159763044,0.154002281,0.126287971,0.052152097,0.089920147,0.234433493,0.20579774,0.100522858,0.245661216,0.145194402,0.123820314,0.104070584,0.101272753,0.142757462
0.083797031,0.089775392,0.06020202,0.10139032,0.135571513,0.144126984,0.127084908,0.116598639,0.10412014,0.100916573,0.088883183,0.059828487,0.061640212,0.071330803,0.109035409,0.080272109,0.116402116,0.125133871,0.080125582,0.05664903,0.035367851,0.110555545,0.134314645,0.04697322,0.150257202,0.066584412,0.086659637,0.094933233,0.082689594,0.072420635
0.075502946,0.125218997,0.081487603,0.169291945,0.136050986,0.310454545,0.184755892,0.211991342,0.110531224,0.080199725,0.108469994,0.070835764,0.081709957,0.064756258,0.145395299,0.106764069,0.106313131,0.148850496,0.095984088,0.087239057,0.034920635,0.202877211,0.227803815,0.0388437,0.187977994,0.071821427,0.123241153,0.088322511,0.125631313,0.048484848
0.07982502,0.119294947,0.077633211,0.135126032,0.170986261,0.190284116,0.15384756,0.340850772,0.167150237,0.119570889,0.089780632,0.10691624,0.098495238,0.084524718,0.189612818,0.126463,0.113713108,0.15415388,0.070552754,0.060425269,0.047603456,0.145698536,0.178013421,0.051823223,0.211713688,0.092250452,0.137516489,0.114538902,0.152248416,0.05988344
0.057670753,0.044596205,0.04600033,0.0744089,0.075301968,0.140193682,0.076019563,0.131618762,0.0514032,0.044138065,0.049511118,0.058251205,0.054307029,0.04092669,0.076647038,0.061347911,0.055890623,0.082278811,0.056765425,0.050105119,0.03208767,0.058155523,0.09359775,0.0280424,0.106836807,0.036187568,0.057731819,0.041140789,0.071456165,0.034723865
0.076996343,0.171430159,0.080165597,0.097209088,0.16569315,0.195508609,0.205207372,0.150353799,0.151507022,0.10797202,0.073278977,0.075724748,0.067112265,0.066807498,0.158989213,0.135825149,0.118423869,0.120499535,0.118983169,0.061381643,0.057207293,0.145109736,0.134957499,0.082871658,0.199305342,0.096764377,0.079494983,0.102445943,0.094175499,0.132965718
0.064766484,0.121927361,0.045837496,0.070373079,0.127705099,0.433289726,0.17930839,0.125344497,0.124890363,0.093526844,0.066532895,0.057044216,0.039573522,0.057966038,0.130500376,0.12748561,0.103861416,0.071634374,0.08242549,0.054599105,0.027636054,0.133588234,0.117652812,0.097415815,0.141296369,0.06477318,0.063220967,0.101709402,0.115781441,0.03731685
0.125090855,0.595637655,0.080561059,0.141092727,0.149469928,0.165889446,0.482931875,0.145920545,0.444868865,0.421890312,0.13838409,0.090553838,0.078174723,0.121128771,0.180068168,0.428633082,0.462279728,0.149727334,0.10221697,0.063511494,0.049903436,0.575333599,0.13436063,0.095438953,0.177104872,0.534941554,0.078835038,0.414487554,0.084534459,0.09369283
0.078305119,0.162324398,0.062943262,0.089981721,0.110620608,0.146339316,0.178603191,0.172294592,0.093998791,0.090362848,0.090904305,0.056420825,0.055140939,0.073543933,0.118246337,0.116623245,0.09751773,0.119209413,0.075368546,0.034262074,0.047184831,0.140765906,0.142988726,0.053457613,0.16103643,0.063937243,0.08505354,0.07318956,0.068372172,0.106193009
0.08662296,0.105001061,0.06406877,0.096792287,0.067463035,0.15241991,0.11892531,0.124208161,0.091375059,0.078898767,0.088503055,0.055688877,0.060774081,0.050666733,0.08146148,0.094155432,0.098332065,0.118289577,0.086894076,0.0713724,0.035132185,0.118075008,0.116380932,0.087214236,0.130700213,0.06109485,0.06592621,0.078643002,0.080162354,0.085568874
0.108819639,0.227252715,0.164352559,0.26978746,0.177649393,0.492345271,0.284050009,0.278344671,0.177781426,0.131605799,0.153328905,0.104394493,0.098014206,0.110949362,0.198903568,0.139885121,0.153419701,0.245119692,0.151842067,0.09126206,0.075776144,0.341000476,0.311137956,0.064176296,0.242160753,0.130072095,0.19715048,0.155097872,0.144765406,0.069021359
0.026613642,0.060464207,0.06748825,0.076005897,0.058019137,0.244060429,0.088703327,0.133180649,0.05763301,0.057582652,0.061323494,0.060170624,0.044781452,0.038827991,0.050664095,0.053830387,0.052689834,0.085526713,0.054726179,0.024072245,0.052340684,0.093294298,0.160457493,0.061060157,0.095589035,0.030523398,0.057421638,0.042608652,0.031363507,0.034280691
0.05216957,0.097598073,0.069157202,0.088998628,0.092123365,0.191132235,0.129001156,0.131920413,0.085396006,0.081581102,0.084849424,0.070682258,0.04723008,0.058963848,0.104381591,0.08336482,0.072532217,0.097990644,0.053807786,0.035696914,0.0296876,0.106423283,0.166755967,0.039551728,0.168006513,0.053946293,0.071593436,0.070242523,0.131018791,0.063174376
0.050925926,0.178956583,0.125,0.222041847,0.206944444,0.295436508,0.196660053,0.231746032,0.188875521,0.144675926,0.106597222,0.073311765,0.107142857,0.082653986,0.20400641,0.142361111,0.152777778,0.212135495,0.096615629,0.105555556,0.020833333,0.252142524,0.22819389,0.040433114,0.286044974,0.109198518,0.198766511,0.14375,0.161111111,0.057291667
0.095015568,0.111212163,0.075126018,0.13383199,0.165331891,0.198076059,0.185710379,0.185228132,0.122301541,0.120212816,0.08987215,0.080349923,0.077930979,0.07543089,0.192242164,0.122884962,0.105814551,0.153067828,0.068732014,0.089394695,0.051161418,0.133358078,0.158378602,0.048756024,0.214763768,0.070807146,0.114515643,0.107962474,0.126402534,0.052950652
0.170454097,1.196500277,0.089879474,0.230860613,0.202883644,0.222604125,0.234775694,0.223843855,0.180887003,0.145129758,0.235441972,0.108777453,0.114530103,0.208422345,0.184349569,0.157908236,0.170110558,0.225688085,0.144608452,0.068172581,0.071953917,1.213576148,0.187120833,0.05973023,0.221879319,1.12195033,0.132764063,0.143061828,0.119108831,0.108985654
0.026613642,0.060464207,0.06748825,0.076005897,0.058019137,0.244060429,0.088703327,0.133180649,0.05763301,0.057582652,0.061323494,0.060170624,0.044781452,0.038827991,0.050664095,0.053830387,0.052689834,0.085526713,0.054726179,0.024072245,0.052340684,0.093294298,0.160457493,0.061060157,0.095589035,0.030523398,0.057421638,0.042608652,0.031363507,0.034280691
0.11944006,0.155029196,0.094880624,0.160898077,0.176924002,0.281280063,0.198648689,0.188714526,0.127231716,0.130897039,0.116361532,0.091234237,0.1438943,0.088710932,0.162214695,0.117627165,0.120265152,0.181915783,0.123214512,0.066652637,0.100491522,0.188479558,0.205762076,0.106663261,0.193253217,0.074471846,0.128080779,0.111226852,0.109722222,0.074337121
0.09007178,0.172212853,0.056050181,0.1186033,0.063644969,0.094255133,0.140119108,0.075054609,0.055144536,0.070096029,1.201463842,0.040513886,0.060233727,0.134673608,0.065761242,0.093513361,0.082122834,0.113810591,0.048664958,0.027446483,0.015440695,0.144424934,0.065154921,0.015319693,0.15387375,0.107300104,0.047452738,0.04308377,0.049961774,0.109900612
0.08686756,0.18057473,0.108062771,0.156997269,0.148511905,0.250467687,0.222144274,0.180952381,0.130722457,0.136927309,0.13275852,0.056282033,0.075255102,0.1014978,0.149519231,0.132546769,0.170634921,0.157273486,0.111948688,0.066071429,0.066468254,0.242127208,0.210990826,0.076059942,0.255828373,0.094699977,0.133231352,0.10767432,0.10922619,0.103050595
0.112934757,3.634080299,0.121124268,0.15767792,0.325993064,0.232010804,0.340541883,0.237394958,0.310237606,0.223044521,0.143812888,0.082134514,0.116238996,0.11804363,0.234022301,0.268228958,0.24090803,0.188557867,0.206198337,0.076872082,0.072602374,1.269165285,0.189089053,0.117611492,0.320814715,1.11961817,0.154761415,0.185178405,0.109446779,0.155304622
0.052146465,0.121124268,2.036363636,0.128719008,0.091645022,0.284805195,0.135909091,0.149437229,0.100639372,0.097773186,0.075770945,0.069536022,0.064772727,0.082328722,0.094155012,0.108116883,0.139393939,0.130213904,0.112781124,0.038181818,0.063744589,0.126377824,0.14465,0.112699362,0.214430014,0.053743316,0.108486968,0.076341991,0.054090909,0.070454545
0.122321429,0.325993064,0.091645022,0.182130832,3.816843034,0.181950113,0.339577979,0.261058201,0.431243333,0.235253327,0.108400249,0.131901014,0.169727891,0.117831263,0.356455026,0.298998488,0.229761905,0.215556992,0.237848537,0.112839506,0.068253968,0.341047054,0.229223447,0.118363617,0.464131393,0.172035051,0.202451252,0.244863946,0.162354497,0.068650794
0.146472048,0.152870906,0.086355508,0.107068602,0.198841993,0.19514667,0.254040729,0.26939842,0.194328779,0.172530934,0.116990215,0.108510336,0.096618148,0.111276822,0.295114379,0.193800869,0.195549184,0.147972015,0.089153988,0.099739316,0.065912122,0.168445411,0.184321981,0.143165132,0.317106584,0.112549797,0.130031901,0.215117939,0.190507332,0.066920243
0.031266514,0.055510696,0.085881215,0.06401593,0.045135536,0.254947107,0.084763593,0.168563979,0.048891244,0.071464172,0.070153823,0.101985729,0.052289692,0.070121903,0.050686776,0.061937541,0.05415363,0.078820009,0.055335591,0.020251008,0.057161854,0.07279793,0.119269966,0.06539473,0.114884305,0.029185307,0.06688157,0.03708907,0.060033375,0.077589174
0.07061538,0.085868135,0.103374656,0.118309721,0.081508967,0.359369202,0.116186525,0.225788497,0.064907561,0.069638484,0.086942959,0.186040576,0.059253247,0.067358366,0.081263181,0.067498969,0.065295815,0.109159631,0.080048984,0.016666667,0.084686147,0.126482736,0.189747542,0.096160619,0.131237975,0.043328768,0.082925912,0.070055143,0.048232323,0.047348485
0.118425926,0.237394958,0.149437229,0.238455988,0.261058201,0.451337868,0.294777022,4.819047619,0.245992345,0.222582973,0.174173669,0.154656394,0.221428571,0.13026225,0.289145299,0.214399093,0.2,0.239481434,0.118907057,0.114074074,0.0569161,0.289727319,0.443224477,0.088721805,0.354232804,0.134092347,0.311211011,0.174444444,0.446666667,0.092857143
0.099729031,0.143812888,0.075770945,0.164567948,0.108400249,0.260457516,0.144822985,0.174173669,0.087938254,0.080918251,2.236966551,0.090939586,0.085154062,0.137953787,0.096332014,0.097006303,0.10996732,0.163600538,0.086968511,0.045849673,0.044485294,0.175041046,0.192508742,0.058774295,0.201570767,0.093966761,0.093904543,0.068943744,0.122826797,0.094852941
0.060185185,0.097696857,0.069444444,0.047588985,0.089417989,0.099867725,0.118981481,0.11031746,0.057987636,0.111882716,0.061614924,0.046747259,0.077380952,0.057065217,0.063051994,0.100198413,0.050925926,0.058697838,0.025599621,0.016666667,0.056547619,0.073821195,0.055991556,0.09785575,0.131503527,0.043451251,0.059926185,0.047156085,0.034722222,0.059027778
0.042476852,0.062422969,0.046590909,0.034992785,0.047089947,0.087896825,0.120337302,0.069285714,0.066053839,0.056797138,0.013827614,0.035397822,0.011904762,0.024622585,0.091698718,0.078075397,0.068055556,0.04284188,0.039205154,0.048148148,0.02609127,0.039083967,0.046978078,0.12441155,0.054728836,0.020998238,0.028506216,0.060813492,0.054166667,0.065625
0.09233595,0.11804363,0.082328722,0.120192609,0.117831263,0.144246032,0.139128997,0.13026225,0.095560982,0.097299993,0.137953787,0.085908558,0.076410455,3.032608696,0.119550121,0.096381125,0.091636473,0.1226064,0.057944277,0.03852657,0.040437371,0.146586714,0.092201814,0.060343965,0.152418334,0.107164465,0.07122859,0.080706522,0.065398551,0.078804348
0.058625731,0.078230871,0.057799043,0.072191843,0.112096909,0.14075188,0.136708438,0.149774436,0.082596562,0.066241361,0.058611971,0.041837825,0.071240602,0.044660564,0.143677463,0.12556391,0.100877193,0.081178058,0.050890932,0.118596491,0.020676692,0.101650134,0.098230058,0.065789474,0.15342523,0.044410837,0.075733039,0.052180451,0.13877193,0.031578947
0.06248619,0.096052768,0.040676653,0.061814369,0.080517226,0.097693452,0.123299964,0.080181277,0.058721716,0.054092057,0.070223373,0.040050712,0.047458401,0.058809906,0.093575175,0.091686959,0.068892045,0.081003402,0.039323487,0.070265152,0.022270698,0.088286167,0.078030898,0.035768354,0.111998895,0.044372551,0.043939725,0.041504329,0.07890625,0.06303267
0.041666667,0.076872082,0.038181818,0.072679173,0.112839506,0.095555556,0.17978836,0.114074074,0.124631318,0.103367003,0.045849673,0.036267356,0.065079365,0.03852657,0.159871795,0.183068783,0.138888889,0.073252891,0.035414993,2.044444444,0,0.101104886,0.099245569,0.013669591,0.266534392,0.051890003,0.066899767,0.097989418,0.144814815,0.052777778
0.035185185,0.116921102,0.073181818,0.111525974,0.133148148,0.201269841,0.124642857,0.171269841,0.114968198,0.096422559,0.089011438,0.076429322,0.08452381,0.067240338,0.127275641,0.103769841,0.116666667,0.270148316,0.063893909,0.063333333,0.020634921,0.155617247,0.137779763,0.053775585,0.172751323,0.071123611,0.118045843,0.070119048,0.089722222,0.047916667
0.112128928,0.155573876,0.104118457,0.108291246,0.149645663,0.203879269,0.164188312,0.171221741,0.139775201,0.114471738,0.067926074,0.084296226,0.05275974,0.064005087,0.128133579,0.133916546,0.128324916,0.127940796,0.098805931,0.053995511,0.068097643,0.149601053,0.158287501,0.235833112,0.172374539,0.064995783,0.09405359,0.114743867,0.065260943,0.044570707
0.114907407,0.128155929,0.095,0.197294372,0.15005291,0.275873016,0.128796296,0.18047619,0.125750028,0.097685185,0.131732026,0.096995396,0.097321429,0.093719807,0.12707265,0.088293651,0.118055556,0.219859226,0.102819612,0.056666667,0.042460317,0.175366813,0.177061305,0.031304825,0.184589947,0.084625463,0.132653458,0.111150794,0.103888889,0.08125
0.114907407,0.128155929,0.095,0.197294372,0.15005291,0.275873016,0.128796296,0.18047619,0.125750028,0.097685185,0.131732026,0.096995396,0.097321429,0.093719807,0.12707265,0.088293651,0.118055556,0.219859226,0.102819612,0.056666667,0.042460317,0.175366813,0.177061305,0.031304825,0.184589947,0.084625463,0.132653458,0.111150794,0.103888889,0.08125
0.0944947,0.117611492,0.112699362,0.058702628,0.118363617,0.198621554,0.121326232,0.088721805,0.319448296,0.103333776,0.058774295,0.072508386,0.025845865,0.060343965,0.101646705,0.108453425,0.126041667,0.065348396,0.131019891,0.013669591,0.129566103,0.088889986,0.128108052,4.092810769,0.134927162,0.02972484,0.040804042,0.099864244,0.021710526,0.03810307
0.102843137,0.105591531,0.044759358,0.086440031,0.069579832,0.096806723,0.111339869,0.104313725,0.067359497,0.09080511,0.086271626,0.04566249,0.045378151,0.064961637,0.087228507,0.078641457,0.099019608,0.112882619,0.060193125,0.038300654,0.013235294,0.098724784,0.069403006,0.011687307,0.12237395,0.059584935,0.085177568,0.059537815,0.058235294,0.094117647
0.102252179,0.205740283,0.140083185,0.149702204,0.273373794,0.261117336,0.241903206,0.165589791,0.141326846,0.177452631,0.139886582,0.106123697,0.136706349,0.102080373,0.165976202,0.174346405,0.118137255,0.199424285,0.104899205,0.054466231,0.099587613,0.188157028,0.221650855,0.103066735,1.247508818,0.096948178,0.134724317,0.115902583,0.121078431,0.134150327
0.085029785,0.154761415,0.108486968,0.20712873,0.202451252,0.259096459,0.164042439,0.311211011,0.203593589,0.126636411,0.093904543,0.082311903,0.165001665,0.07122859,0.187419311,0.121031746,0.17987568,0.166617445,0.154028,0.066899767,0.035714286,0.224722406,0.224644628,0.040804042,0.220358345,0.091653287,3.095571096,0.140639916,0.147338772,0.053175991
0.091087963,0.109446779,0.054090909,0.104365079,0.162354497,0.186984127,0.187063492,0.446666667,0.118116064,0.09537037,0.122826797,0.073927477,0.129761905,0.065398551,0.205972222,0.151984127,0.138888889,0.124346405,0.063401941,0.144814815,0.006944444,0.143335668,0.269340176,0.021710526,0.310978836,0.071516671,0.147338772,0.081587302,2.1,0.045833333
0.078472222,0.155304622,0.070454545,0.071834416,0.068650794,0.136309524,0.175892857,0.092857143,0.070974755,0.090593434,0.094852941,0.073556539,0.066964286,0.078804348,0.071073718,0.126488095,0.114583333,0.117741327,0.086935241,0.052777778,0.056547619,0.083620948,0.089714757,0.03810307,0.160714286,0.053317295,0.053175991,0.057440476,0.045833333,2.0625
